text,is_retweet,time,text_cleaned,slogans,love trumps hate,stronger together,hillary for america,i'm with her,maga,make america great again,america first,Cliton,Trump
"We believe that everyone has value.
We believe that everyone's created equal.
We believe that love trumps hate.
https://t.co/tTgeqxNqYm",False,2016-09-21T19:12:46,"['we', 'believe', 'that', 'everyone', 'has', 'value', 'we', 'believe', 'that', 'everyones', 'created', 'equal', 'we', 'believe', 'that', 'love', 'trumps', 'hate']",['love trumps hate'],1.0,0.0,0.0,0.0,0.0,0.0,0.0,1,0
"Let‚Äôs make clear that love trumps hate‚Äînot just this November, but always. https://t.co/wDxspmxT9Q",False,2016-09-19T19:03:31,"['lets', 'make', 'clear', 'that', 'love', 'trumps', 'hatenot', 'just', 'this', 'november', 'but', 'always']",['love trumps hate'],1.0,0.0,0.0,0.0,0.0,0.0,0.0,1,0
"""We deserve a president‚Ä¶who believes that each of us is part of the American story, and we‚Äôre always stronger together.‚Äù ‚Äî@FLOTUS",False,2016-09-16T19:27:44,"['we', 'deserve', 'a', 'presidentwho', 'believes', 'that', 'each', 'of', 'us', 'is', 'part', 'of', 'the', 'american', 'story', 'and', 'were', 'always', 'stronger', 'together']",['stronger together'],0.0,1.0,0.0,0.0,0.0,0.0,0.0,1,0
Let‚Äôs build a future where love trumps hate. https://t.co/tTgeqxNqYm,False,2016-09-16T14:05:45,"['lets', 'build', 'a', 'future', 'where', 'love', 'trumps', 'hate']",['love trumps hate'],1.0,0.0,0.0,0.0,0.0,0.0,0.0,1,0
‚ÄúShe knows that love trumps hate.‚Äù ‚Äî@POTUS on Hillary,False,2016-09-13T18:12:17,"['she', 'knows', 'that', 'love', 'trumps', 'hate', 'on', 'hillary']",['love trumps hate'],1.0,0.0,0.0,0.0,0.0,0.0,0.0,1,0
We can build a future where we‚Äôre stronger together. That‚Äôs who we are as Americans. Text JOIN to 47246 to get involved.,False,2016-09-08T17:25:24,"['we', 'can', 'build', 'a', 'future', 'where', 'were', 'stronger', 'together', 'thats', 'who', 'we', 'are', 'as', 'americans', 'text', 'join', 'to', '47246', 'to', 'get', 'involved']",['stronger together'],0.0,1.0,0.0,0.0,0.0,0.0,0.0,1,0
Stronger together. https://t.co/6qmOJ39K56,True,2016-09-06T03:36:22,"['stronger', 'together']",['stronger together'],0.0,1.0,0.0,0.0,0.0,0.0,0.0,1,0
"We're stronger together‚Äîand the diversity of our athletes in Rio proved it.
https://t.co/YYflz51Y9Y",False,2016-08-28T19:40:35,"['were', 'stronger', 'togetherand', 'the', 'diversity', 'of', 'our', 'athletes', 'in', 'rio', 'proved', 'it']",['stronger together'],0.0,1.0,0.0,0.0,0.0,0.0,0.0,1,0
We're live on Facebook giving a demo of our Hillary for America mobile app. Tune in to get an inside look: https://t.co/0wuPE0hMcL.,True,2016-08-07T21:56:58,"['were', 'live', 'on', 'facebook', 'giving', 'a', 'demo', 'of', 'our', 'hillary', 'for', 'america', 'mobile', 'app', 'tune', 'in', 'to', 'get', 'an', 'inside', 'look']",['hillary for america'],0.0,0.0,1.0,0.0,0.0,0.0,0.0,1,0
Stronger Together comes out in Sept‚Äîa book on Hillary's policy plans and vision for America: https://t.co/okQWnu725t https://t.co/lzyuvRstpt,False,2016-08-05T18:29:22,"['stronger', 'together', 'comes', 'out', 'in', 'septa', 'book', 'on', 'hillarys', 'policy', 'plans', 'and', 'vision', 'for', 'america']",['stronger together'],0.0,1.0,0.0,0.0,0.0,0.0,0.0,1,0
"""Our Founders came together to create one nation because they knew what we know: We are stronger together."" ‚ÄîHillary",False,2016-07-29T17:35:27,"['our', 'founders', 'came', 'together', 'to', 'create', 'one', 'nation', 'because', 'they', 'knew', 'what', 'we', 'know', 'we', 'are', 'stronger', 'together', 'hillary']",['stronger together'],0.0,1.0,0.0,0.0,0.0,0.0,0.0,1,0
"In America, we‚Äôre always stronger together. https://t.co/7TJgiJiqzv",False,2016-07-29T03:30:34,"['in', 'america', 'were', 'always', 'stronger', 'together']",['stronger together'],0.0,1.0,0.0,0.0,0.0,0.0,0.0,1,0
"""Yes, the world is watching what we do.
Yes, America's destiny is ours to choose.
So let's be stronger together my fellow Americans!""",False,2016-07-29T03:27:51,"['yes', 'the', 'world', 'is', 'watching', 'what', 'we', 'do', 'yes', 'americas', 'destiny', 'is', 'ours', 'to', 'choose', 'so', 'lets', 'be', 'stronger', 'together', 'my', 'fellow', 'americans']",['stronger together'],0.0,1.0,0.0,0.0,0.0,0.0,0.0,1,0
"""'Stronger Together‚Äô is...not just a slogan for our campaign. It‚Äôs a guiding principle for the country we‚Äôve always been."" ‚ÄîHillary",False,2016-07-29T02:46:38,"['stronger', 'together', 'isnot', 'just', 'a', 'slogan', 'for', 'our', 'campaign', 'its', 'a', 'guiding', 'principle', 'for', 'the', 'country', 'weve', 'always', 'been', 'hillary']",['stronger together'],0.0,1.0,0.0,0.0,0.0,0.0,0.0,1,0
"""Our Founders embraced the enduring truth that we are stronger together.‚Äù ‚ÄîHillary",False,2016-07-29T02:38:50,"['our', 'founders', 'embraced', 'the', 'enduring', 'truth', 'that', 'we', 'are', 'stronger', 'together', 'hillary']",['stronger together'],0.0,1.0,0.0,0.0,0.0,0.0,0.0,1,0
"""We don‚Äôt fear the future; we shape it, we embrace it, as one people, stronger together than we are on our own.‚Äù ‚Äî@POTUS",False,2016-07-28T03:35:42,"['we', 'dont', 'fear', 'the', 'future', 'we', 'shape', 'it', 'we', 'embrace', 'it', 'as', 'one', 'people', 'stronger', 'together', 'than', 'we', 'are', 'on', 'our', 'own']",['stronger together'],0.0,1.0,0.0,0.0,0.0,0.0,0.0,1,0
"""What I see is Americans of every party, every background, every faith who believe that we are stronger together.‚Äù ‚Äî@POTUS",False,2016-07-28T03:06:25,"['what', 'i', 'see', 'is', 'americans', 'of', 'every', 'party', 'every', 'background', 'every', 'faith', 'who', 'believe', 'that', 'we', 'are', 'stronger', 'together']",['stronger together'],0.0,1.0,0.0,0.0,0.0,0.0,0.0,1,0
Hillary's ready because of her heart. She's ready because of her experience. She's ready because she knows we're stronger together.,True,2016-07-28T02:36:07,"['hillarys', 'ready', 'because', 'of', 'her', 'heart', 'shes', 'ready', 'because', 'of', 'her', 'experience', 'shes', 'ready', 'because', 'she', 'knows', 'were', 'stronger', 'together']",['stronger together'],0.0,1.0,0.0,0.0,0.0,0.0,0.0,1,0
"""Hillary will make us stronger together. You know it because she‚Äôs spent a lifetime doing it."" ‚Äî@BillClinton https://t.co/U0y83WGCr2",False,2016-07-27T18:36:48,"['hillary', 'will', 'make', 'us', 'stronger', 'together', 'you', 'know', 'it', 'because', 'shes', 'spent', 'a', 'lifetime', 'doing', 'it']",['stronger together'],0.0,1.0,0.0,0.0,0.0,0.0,0.0,1,0
‚ÄúHillary will make us stronger together. You know it because she spent a lifetime doing it.‚Äù ‚Äî@BillClinton https://t.co/MLSDqDUhmf,False,2016-07-27T02:55:31,"['hillary', 'will', 'make', 'us', 'stronger', 'together', 'you', 'know', 'it', 'because', 'she', 'spent', 'a', 'lifetime', 'doing', 'it']",['stronger together'],0.0,1.0,0.0,0.0,0.0,0.0,0.0,1,0
"""Let‚Äôs declare: Love trumps hate!‚Äù ‚Äî@AmericaFerrera and @LenaDunham https://t.co/F1SdYjsPmX",False,2016-07-27T00:56:33,"['lets', 'declare', 'love', 'trumps', 'hate', 'and']",['love trumps hate'],1.0,0.0,0.0,0.0,0.0,0.0,0.0,1,0
Stronger together. https://t.co/9x1zuMqFfs,False,2016-07-26T22:55:17,"['stronger', 'together']",['stronger together'],0.0,1.0,0.0,0.0,0.0,0.0,0.0,1,0
"‚ÄúIf you believe we are stronger together, then let‚Äôs work our hearts out to make Hillary Clinton the next president.‚Äù ‚Äî@ElizabethForMA",False,2016-07-26T02:45:12,"['if', 'you', 'believe', 'we', 'are', 'stronger', 'together', 'then', 'lets', 'work', 'our', 'hearts', 'out', 'to', 'make', 'hillary', 'clinton', 'the', 'next', 'president']",['stronger together'],0.0,1.0,0.0,0.0,0.0,0.0,0.0,1,0
"""We don‚Äôt turn against each other‚Äîno, we listen to each other. We lean on each other because we are always stronger together."" ‚Äî@FLOTUS",False,2016-07-26T02:15:11,"['we', 'dont', 'turn', 'against', 'each', 'otherno', 'we', 'listen', 'to', 'each', 'other', 'we', 'lean', 'on', 'each', 'other', 'because', 'we', 'are', 'always', 'stronger', 'together']",['stronger together'],0.0,1.0,0.0,0.0,0.0,0.0,0.0,1,0
"No matter who you supported in the primary, we are united and stronger together. #DemsInPhilly https://t.co/C3Ynm21jKo",True,2016-07-26T01:26:00,"['no', 'matter', 'who', 'you', 'supported', 'in', 'the', 'primary', 'we', 'are', 'united', 'and', 'stronger', 'together']",['stronger together'],0.0,1.0,0.0,0.0,0.0,0.0,0.0,1,0
"""The best way I can sum up what I hope this election will lead to...is: Love trumps hate."" ‚ÄîHillary",False,2016-07-22T22:14:50,"['the', 'best', 'way', 'i', 'can', 'sum', 'up', 'what', 'i', 'hope', 'this', 'election', 'will', 'lead', 'tois', 'love', 'trumps', 'hate', 'hillary']",['love trumps hate'],1.0,0.0,0.0,0.0,0.0,0.0,0.0,1,0
"""He sure doesn‚Äôt speak for me, because I know we are stronger together, and that‚Äôs what we‚Äôre going to be."" ‚ÄîHillary on Trump",False,2016-07-22T22:04:29,"['he', 'sure', 'doesnt', 'speak', 'for', 'me', 'because', 'i', 'know', 'we', 'are', 'stronger', 'together', 'and', 'thats', 'what', 'were', 'going', 'to', 'be', 'hillary', 'on', 'trump']",['stronger together'],0.0,1.0,0.0,0.0,0.0,0.0,0.0,1,0
"In America, we lift each other up. We build bridges, not walls. We stand together because we're stronger together.
https://t.co/6NtMyqjG4o",False,2016-07-14T00:16:40,"['in', 'america', 'we', 'lift', 'each', 'other', 'up', 'we', 'build', 'bridges', 'not', 'walls', 'we', 'stand', 'together', 'because', 'were', 'stronger', 'together']",['stronger together'],0.0,1.0,0.0,0.0,0.0,0.0,0.0,1,0
"In America, we're always stronger together. https://t.co/s9wAMfIywe",False,2016-07-13T14:40:06,"['in', 'america', 'were', 'always', 'stronger', 'together']",['stronger together'],0.0,1.0,0.0,0.0,0.0,0.0,0.0,1,0
"America has always been a country of ""we,"" not ""me."" And we've always been stronger together. https://t.co/hInlN74PFR",False,2016-06-15T03:13:24,"['america', 'has', 'always', 'been', 'a', 'country', 'of', 'we', 'not', 'me', 'and', 'weve', 'always', 'been', 'stronger', 'together']",['stronger together'],0.0,1.0,0.0,0.0,0.0,0.0,0.0,1,0
"""I‚Äôve seen her judgment, toughness, and commitment to our values up close. ... I'm with her."" ‚Äî@POTUS https://t.co/DzKgMFgdmP",False,2016-06-09T22:38:31,"['ive', 'seen', 'her', 'judgment', 'toughness', 'and', 'commitment', 'to', 'our', 'values', 'up', 'close', 'im', 'with', 'her']","[""i'm with her""]",0.0,0.0,0.0,1.0,0.0,0.0,0.0,1,0
‚ÄúIt‚Äôs a simple but powerful idea: We believe that we are stronger together.‚Äù ‚ÄîHillary https://t.co/BpXIJZNcDy,False,2016-06-09T02:41:12,"['its', 'a', 'simple', 'but', 'powerful', 'idea', 'we', 'believe', 'that', 'we', 'are', 'stronger', 'together', 'hillary']",['stronger together'],0.0,1.0,0.0,0.0,0.0,0.0,0.0,1,0
"It‚Äôs a simple but powerful idea. 

We are fairer together. 

We are better together. 

We are stronger together. https://t.co/aWCQon5U7q",False,2016-06-08T02:31:46,"['its', 'a', 'simple', 'but', 'powerful', 'idea', 'we', 'are', 'fairer', 'together', 'we', 'are', 'better', 'together', 'we', 'are', 'stronger', 'together']",['stronger together'],0.0,1.0,0.0,0.0,0.0,0.0,0.0,1,0
"We‚Äôre stronger together. When we embrace immigrants, not denigrate them. When we build bridges, not walls.",False,2016-05-25T18:02:01,"['were', 'stronger', 'together', 'when', 'we', 'embrace', 'immigrants', 'not', 'denigrate', 'them', 'when', 'we', 'build', 'bridges', 'not', 'walls']",['stronger together'],0.0,1.0,0.0,0.0,0.0,0.0,0.0,1,0
"""The lesson of our history, through good times and hard times, is that we‚Äôre stronger together."" ‚ÄîHillary https://t.co/Cc6RChzCqE",False,2016-05-23T18:26:08,"['the', 'lesson', 'of', 'our', 'history', 'through', 'good', 'times', 'and', 'hard', 'times', 'is', 'that', 'were', 'stronger', 'together', 'hillary']",['stronger together'],0.0,1.0,0.0,0.0,0.0,0.0,0.0,1,0
@MaryKayHenry Nobody knows better than unions that we‚Äôre stronger together. Honored to join you all in the fight for working families.,False,2016-05-23T16:59:42,"['nobody', 'knows', 'better', 'than', 'unions', 'that', 'were', 'stronger', 'together', 'honored', 'to', 'join', 'you', 'all', 'in', 'the', 'fight', 'for', 'working', 'families']",['stronger together'],0.0,1.0,0.0,0.0,0.0,0.0,0.0,1,0
"""Let‚Äôs keep going together.
Let‚Äôs organize and mobilize.
Let‚Äôs make sure that love trumps hate."" ‚ÄîHillary",False,2016-05-02T00:59:57,"['lets', 'keep', 'going', 'together', 'lets', 'organize', 'and', 'mobilize', 'lets', 'make', 'sure', 'that', 'love', 'trumps', 'hate', 'hillary']",['love trumps hate'],1.0,0.0,0.0,0.0,0.0,0.0,0.0,1,0
"Imagine a tomorrow where hard work is honored, families are supported, communities are strong, and love trumps hate.
https://t.co/PaSVdd4MH6",False,2016-04-27T03:06:48,"['imagine', 'a', 'tomorrow', 'where', 'hard', 'work', 'is', 'honored', 'families', 'are', 'supported', 'communities', 'are', 'strong', 'and', 'love', 'trumps', 'hate']",['love trumps hate'],1.0,0.0,0.0,0.0,0.0,0.0,0.0,1,0
"""Imagine a tomorrow where...love trumps hate.‚Äù ‚ÄîHillary",False,2016-04-27T01:26:30,"['imagine', 'a', 'tomorrow', 'wherelove', 'trumps', 'hate', 'hillary']",['love trumps hate'],1.0,0.0,0.0,0.0,0.0,0.0,0.0,1,0
"'CNBC, Time magazine online polls say Donald Trump won the first presidential debate' via @WashTimes. #MAGA
https://t.co/PGimqYKPoJ",False,2016-09-27T20:06:25,"['cnbc', 'time', 'magazine', 'online', 'polls', 'say', 'donald', 'trump', 'won', 'the', 'first', 'presidential', 'debate', 'via']",['maga'],0.0,0.0,0.0,0.0,1.0,0.0,0.0,0,1
"In the last 24 hrs. we have raised over $13M from online donations and National Call Day, and we‚Äôre still going! Thank you America! #MAGA",False,2016-09-27T19:37:22,"['in', 'the', 'last', '24', 'hrs', 'we', 'have', 'raised', 'over', '13m', 'from', 'online', 'donations', 'and', 'national', 'call', 'day', 'and', 'were', 'still', 'going', 'thank', 'you', 'america']",['maga'],0.0,0.0,0.0,0.0,1.0,0.0,0.0,0,1
"Thank you for your endorsement, @GovernorSununu. #MAGA 
https://t.co/8BEeQPsuyd",False,2016-09-27T16:58:58,"['thank', 'you', 'for', 'your', 'endorsement']",['maga'],0.0,0.0,0.0,0.0,1.0,0.0,0.0,0,1
"Such a great honor. Final debate polls are in - and the MOVEMENT wins!
#AmericaFirst #MAGA #ImWithYou‚Ä¶ https://t.co/DV1BKMwHEM",False,2016-09-27T15:47:29,"['such', 'a', 'great', 'honor', 'final', 'debate', 'polls', 'are', 'in', 'and', 'the', 'movement', 'wins']",['maga'],0.0,0.0,0.0,0.0,1.0,0.0,0.0,0,1
"Thank you! #TrumpWon #MAGA 
https://t.co/a5rr1i38km",False,2016-09-27T14:51:25,"['thank', 'you']",['maga'],0.0,0.0,0.0,0.0,1.0,0.0,0.0,0,1
".@DRUDGE_REPORT's First Presidential Debate Poll:
Trump: 80%
Clinton: 20%
Join the MOVEMENT today &amp; lets #MAGA!‚Ä¶ https://t.co/B12lgC97tn",False,2016-09-27T05:54:42,"['s', 'first', 'presidential', 'debate', 'poll', 'trump', '80', 'clinton', '20', 'join', 'the', 'movement', 'today', 'amp', 'lets']",['maga'],0.0,0.0,0.0,0.0,1.0,0.0,0.0,0,1
"TIME #DebateNight poll - over 800,000 votes. Thank you! 
#AmericaFirst #MAGA https://t.co/bTPX9E0wKu",False,2016-09-27T05:36:33,"['time', 'poll', 'over', '800000', 'votes', 'thank', 'you']",['maga'],0.0,0.0,0.0,0.0,1.0,0.0,0.0,0,1
"Thank you Senator @TedCruz!
#Debates2016 #MAGA https://t.co/cgO6109USJ",False,2016-09-27T03:58:24,"['thank', 'you', 'senator']",['maga'],0.0,0.0,0.0,0.0,1.0,0.0,0.0,0,1
Hillary Clinton is the only candidate on stage who voted for the Iraq War. #Debates2016 #MAGA https://t.co/Um5WJXEEKr,False,2016-09-27T02:21:59,"['hillary', 'clinton', 'is', 'the', 'only', 'candidate', 'on', 'stage', 'who', 'voted', 'for', 'the', 'iraq', 'war']",['maga'],0.0,0.0,0.0,0.0,1.0,0.0,0.0,0,1
I will stand with police and protect ALL Americans! #Debates2016 #MAGA https://t.co/CX4oEWgEMp,False,2016-09-27T01:51:58,"['i', 'will', 'stand', 'with', 'police', 'and', 'protect', 'all', 'americans']",['maga'],0.0,0.0,0.0,0.0,1.0,0.0,0.0,0,1
"When @realDonaldTrump is POTUS, families are going to be safe and secure. Law and order will be RESTORED! #MAGA‚Ä¶ https://t.co/4Qo9gV7mgc",True,2016-09-27T01:50:01,"['when', 'is', 'potus', 'families', 'are', 'going', 'to', 'be', 'safe', 'and', 'secure', 'law', 'and', 'order', 'will', 'be', 'restored']",['maga'],0.0,0.0,0.0,0.0,1.0,0.0,0.0,0,1
Today is the day! Knock on doors and make calls with us on National Day of Action! #TrumpTrain #MAGA‚Ä¶ https://t.co/4iW06ROvsT,False,2016-09-24T11:06:32,"['today', 'is', 'the', 'day', 'knock', 'on', 'doors', 'and', 'make', 'calls', 'with', 'us', 'on', 'national', 'day', 'of', 'action']",['maga'],0.0,0.0,0.0,0.0,1.0,0.0,0.0,0,1
Tomorrow's the day! Knock on doors and make calls with us on National Day of Action! #TrumpTrain #MAGA‚Ä¶ https://t.co/05NY0wJHkL,False,2016-09-23T15:57:47,"['tomorrows', 'the', 'day', 'knock', 'on', 'doors', 'and', 'make', 'calls', 'with', 'us', 'on', 'national', 'day', 'of', 'action']",['maga'],0.0,0.0,0.0,0.0,1.0,0.0,0.0,0,1
"Join me in Roanoke, Virginia on Saturday evening at 6pm! #MAGA
https://t.co/uKG55Pznwu",False,2016-09-22T14:45:45,"['join', 'me', 'in', 'roanoke', 'virginia', 'on', 'saturday', 'evening', 'at', '6pm']",['maga'],0.0,0.0,0.0,0.0,1.0,0.0,0.0,0,1
"Great new polls! Thank you Nevada, North Carolina &amp; Ohio. Join the MOVEMENT today &amp; lets #MAGA!‚Ä¶ https://t.co/Y8Sb8MNyXA",False,2016-09-21T22:35:19,"['great', 'new', 'polls', 'thank', 'you', 'nevada', 'north', 'carolina', 'amp', 'ohio', 'join', 'the', 'movement', 'today', 'amp', 'lets']",['maga'],0.0,0.0,0.0,0.0,1.0,0.0,0.0,0,1
Great parade in The Villages- I love you all. We will #MAGA. Thank you for the incredible support-I will not forget! https://t.co/5qTDijU3hn,False,2016-09-16T21:01:27,"['great', 'parade', 'in', 'the', 'villages', 'i', 'love', 'you', 'all', 'we', 'will', 'thank', 'you', 'for', 'the', 'incredible', 'supporti', 'will', 'not', 'forget']",['maga'],0.0,0.0,0.0,0.0,1.0,0.0,0.0,0,1
Full transcript of economic plan- delivered to the Economic Club of New York. #MAGA https://t.co/xiu9AUiSSD https://t.co/Fsy1diPWjU,False,2016-09-15T17:12:03,"['full', 'transcript', 'of', 'economic', 'plan', 'delivered', 'to', 'the', 'economic', 'club', 'of', 'new', 'york']",['maga'],0.0,0.0,0.0,0.0,1.0,0.0,0.0,0,1
"Thank you to all of our law enforcement officers - across America! #LESM #MAGA 
https://t.co/Mcbc2JzhN2 https://t.co/4MTmR8kXVb",False,2016-09-15T14:50:08,"['thank', 'you', 'to', 'all', 'of', 'our', 'law', 'enforcement', 'officers', 'across', 'america']",['maga'],0.0,0.0,0.0,0.0,1.0,0.0,0.0,0,1
Thank you for having me! I enjoyed the tour and spending time with everyone. See you soon. #MAGA https://t.co/eNtS7IBPDo,False,2016-09-15T14:34:13,"['thank', 'you', 'for', 'having', 'me', 'i', 'enjoyed', 'the', 'tour', 'and', 'spending', 'time', 'with', 'everyone', 'see', 'you', 'soon']",['maga'],0.0,0.0,0.0,0.0,1.0,0.0,0.0,0,1
"Great poll out of Nevada- thank you! See you soon. #MAGA #AmericaFirst
https://t.co/3KWOl2ibaW https://t.co/27sR3MjjXc",False,2016-09-15T02:33:39,"['great', 'poll', 'out', 'of', 'nevada', 'thank', 'you', 'see', 'you', 'soon']",['maga'],0.0,0.0,0.0,0.0,1.0,0.0,0.0,0,1
"Great evening in Canton, Ohio-thank you! We are going to MAKE AMERICA GREAT AGAIN! Join us: 
https://t.co/3KWOl2ibaW https://t.co/4MvwUj9eX9",False,2016-09-15T00:57:20,"['great', 'evening', 'in', 'canton', 'ohiothank', 'you', 'we', 'are', 'going', 'to', 'make', 'america', 'great', 'again', 'join', 'us']",['make america great again'],0.0,0.0,0.0,0.0,0.0,1.0,0.0,0,1
"CHILD CARE REFORMS THAT WILL MAKE AMERICA GREAT AGAIN!
Transcript: https://t.co/rntyxBSb9J
https://t.co/5SWmxfVfto https://t.co/j389Quo4bg",False,2016-09-14T02:24:59,"['child', 'care', 'reforms', 'that', 'will', 'make', 'america', 'great', 'again', 'transcript']",['make america great again'],0.0,0.0,0.0,0.0,0.0,1.0,0.0,0,1
"Join me in Clive, Iowa tomorrow at noon! #AmericaFirst #MAGA
Tickets: https://t.co/TEY6BbCyxt https://t.co/l17uzRPyLs",False,2016-09-13T03:19:53,"['join', 'me', 'in', 'clive', 'iowa', 'tomorrow', 'at', 'noon', 'tickets']",['maga'],0.0,0.0,0.0,0.0,1.0,0.0,0.0,0,1
"Just got back from Asheville,  North Carolina, where we had a massive rally. The spirit of the crowd was unbelievable. Thank you!  #MAGA",False,2016-09-13T00:35:11,"['just', 'got', 'back', 'from', 'asheville', 'north', 'carolina', 'where', 'we', 'had', 'a', 'massive', 'rally', 'the', 'spirit', 'of', 'the', 'crowd', 'was', 'unbelievable', 'thank', 'you']",['maga'],0.0,0.0,0.0,0.0,1.0,0.0,0.0,0,1
"Thank you Florida - we are going to MAKE AMERICA GREAT AGAIN! Join us: https://t.co/3KWOl2ibaW. 
#AmericaFirst https://t.co/vzKtRxzvwv",False,2016-09-10T02:31:43,"['thank', 'you', 'florida', 'we', 'are', 'going', 'to', 'make', 'america', 'great', 'again', 'join', 'us']",['make america great again'],0.0,0.0,0.0,0.0,0.0,1.0,0.0,0,1
"Thank you Ohio. Together, we will MAKE AMERICA GREAT AGAIN!
https://t.co/3KWOl20zMm https://t.co/n026nE4XIp",False,2016-09-09T23:19:33,"['thank', 'you', 'ohio', 'together', 'we', 'will', 'make', 'america', 'great', 'again']",['make america great again'],0.0,0.0,0.0,0.0,0.0,1.0,0.0,0,1
"MAKE AMERICA GREAT AGAIN!
#AmericaFirst #ImWithYou https://t.co/JIlNW7myEN",False,2016-09-09T21:10:51,"['make', 'america', 'great', 'again']",['make america great again'],0.0,0.0,0.0,0.0,0.0,1.0,0.0,0,1
Final poll results from NBC on last nights Commander-in-Chief Forum. Thank you! #ImWithYou #MAGA https://t.co/C5ipaxUN7B,False,2016-09-09T02:00:32,"['final', 'poll', 'results', 'from', 'nbc', 'on', 'last', 'nights', 'commanderinchief', 'forum', 'thank', 'you']",['maga'],0.0,0.0,0.0,0.0,1.0,0.0,0.0,0,1
Last nights winner was clear &amp; it will be proven time &amp; time again - lets #MAGA!! Lets WIN!! #TrumpTrain https://t.co/sGqp9rGmBH,True,2016-09-08T15:09:13,"['last', 'nights', 'winner', 'was', 'clear', 'amp', 'it', 'will', 'be', 'proven', 'time', 'amp', 'time', 'again', 'lets', 'lets', 'win']",['maga'],0.0,0.0,0.0,0.0,1.0,0.0,0.0,0,1
"'Donald Trump leads Hillary Clinton by 19 points among military, veteran voters: poll' #AmericaFirst #MAGA
https://t.co/5FmxGtLkwt",False,2016-09-07T15:11:59,"['donald', 'trump', 'leads', 'hillary', 'clinton', 'by', '19', 'points', 'among', 'military', 'veteran', 'voters', 'poll']",['maga'],0.0,0.0,0.0,0.0,1.0,0.0,0.0,0,1
Thank you American Legion Post 610- for hosting @Mike_Pence &amp; I for a roundtable with labor leaders. #LaborDay #MAGA https://t.co/r0cwJlV38L,False,2016-09-05T16:55:19,"['thank', 'you', 'american', 'legion', 'post', '610', 'for', 'hosting', 'amp', 'i', 'for', 'a', 'roundtable', 'with', 'labor', 'leaders']",['maga'],0.0,0.0,0.0,0.0,1.0,0.0,0.0,0,1
"""@OSPREY675: @Miami4Trump I followed you because you are a patriot &amp; support @realDonaldTrump, as do I. #MAGA by sticking together.",False,2016-09-05T03:59:58,"['i', 'followed', 'you', 'because', 'you', 'are', 'a', 'patriot', 'amp', 'support', 'as', 'do', 'i', 'by', 'sticking', 'together']",['maga'],0.0,0.0,0.0,0.0,1.0,0.0,0.0,0,1
People will be very surprised by our ground game on Nov. 8. We have an army of volunteers and people with GREAT SPIRIT! They want to #MAGA!,False,2016-09-02T12:32:31,"['people', 'will', 'be', 'very', 'surprised', 'by', 'our', 'ground', 'game', 'on', 'nov', '8', 'we', 'have', 'an', 'army', 'of', 'volunteers', 'and', 'people', 'with', 'great', 'spirit', 'they', 'want', 'to']",['maga'],0.0,0.0,0.0,0.0,1.0,0.0,0.0,0,1
"Hillary Clinton doesn't have the strength or the stamina to MAKE AMERICA GREAT AGAIN! #AmericaFirst
https://t.co/G1MuLrjhW9",False,2016-09-01T05:06:52,"['hillary', 'clinton', 'doesnt', 'have', 'the', 'strength', 'or', 'the', 'stamina', 'to', 'make', 'america', 'great', 'again']",['make america great again'],0.0,0.0,0.0,0.0,0.0,1.0,0.0,0,1
"Hillary Clinton didn't go to Louisiana, and now she didn't go to Mexico. She doesn't have the drive or stamina to MAKE AMERICA GREAT AGAIN!",False,2016-09-01T00:40:07,"['hillary', 'clinton', 'didnt', 'go', 'to', 'louisiana', 'and', 'now', 'she', 'didnt', 'go', 'to', 'mexico', 'she', 'doesnt', 'have', 'the', 'drive', 'or', 'stamina', 'to', 'make', 'america', 'great', 'again']",['make america great again'],0.0,0.0,0.0,0.0,0.0,1.0,0.0,0,1
Thank you North Carolina! #MAGA https://t.co/1oWrFnHe0u,False,2016-08-30T23:54:36,"['thank', 'you', 'north', 'carolina']",['maga'],0.0,0.0,0.0,0.0,1.0,0.0,0.0,0,1
"Thank you America! #MAGA
https://t.co/FljBVvbwKr https://t.co/ePJW9jLckM",False,2016-08-30T20:47:05,"['thank', 'you', 'america']",['maga'],0.0,0.0,0.0,0.0,1.0,0.0,0.0,0,1
"""@Trump_Videos: .@Nigel_Farage of the #brexit fame - We CAN do this! We can #MAGA with @realDonaldTrump https://t.co/1qyuc8ZykJ""",False,2016-08-25T04:34:00,"['of', 'the', 'fame', 'we', 'can', 'do', 'this', 'we', 'can', 'with']",['maga'],0.0,0.0,0.0,0.0,1.0,0.0,0.0,0,1
"""@SinAbunz_TM: @realDonaldTrump TRUMP VICTORY IN NOVEMBER!  #MAGA #TrumpPence16""",False,2016-08-22T01:23:16,"['trump', 'victory', 'in', 'november']",['maga'],0.0,0.0,0.0,0.0,1.0,0.0,0.0,0,1
We will bring America together as ONE country again ‚Äì united as Americans in common purpose and common dreams. #MAGA,False,2016-08-20T23:11:51,"['we', 'will', 'bring', 'america', 'together', 'as', 'one', 'country', 'again', 'united', 'as', 'americans', 'in', 'common', 'purpose', 'and', 'common', 'dreams']",['maga'],0.0,0.0,0.0,0.0,1.0,0.0,0.0,0,1
Will be back soon Virginia. We are going to MAKE AMERICA GREAT AGAIN! #TrumpPence16 https://t.co/IU4JPSi0rZ,False,2016-08-20T23:04:02,"['will', 'be', 'back', 'soon', 'virginia', 'we', 'are', 'going', 'to', 'make', 'america', 'great', 'again']",['make america great again'],0.0,0.0,0.0,0.0,0.0,1.0,0.0,0,1
"""@CatOnGlass: 200,000 new followers for @realDonaldTrump. From 10,800,000 to 11,000,000, All in the last ten days or so! #MAGA #AlwaysTrump",False,2016-08-20T05:02:57,"['200000', 'new', 'followers', 'for', 'from', '10800000', 'to', '11000000', 'all', 'in', 'the', 'last', 'ten', 'days', 'or', 'so']",['maga'],0.0,0.0,0.0,0.0,1.0,0.0,0.0,0,1
"Together, we will MAKE AMERICA GREAT AGAIN! https://t.co/aENuIvrUrS",False,2016-08-19T00:33:54,"['together', 'we', 'will', 'make', 'america', 'great', 'again']",['make america great again'],0.0,0.0,0.0,0.0,0.0,1.0,0.0,0,1
Unbelievable support in Florida last night - thank you! #MAGA https://t.co/WNDAagFRRS,False,2016-08-12T17:36:31,"['unbelievable', 'support', 'in', 'florida', 'last', 'night', 'thank', 'you']",['maga'],0.0,0.0,0.0,0.0,1.0,0.0,0.0,0,1
"Great meeting w/ coal miners &amp; leaders from the Virginia coal industry- thank you! #MAGA
https://t.co/wnpVlq6oe4 https://t.co/32gdX684ew",False,2016-08-10T20:37:58,"['great', 'meeting', 'w', 'coal', 'miners', 'amp', 'leaders', 'from', 'the', 'virginia', 'coal', 'industry', 'thank', 'you']",['maga'],0.0,0.0,0.0,0.0,1.0,0.0,0.0,0,1
"""@LinHen23:  @foxandfriends Loved Trump's answers to voters questions this morning! Trump's economic plan will help #MAGA #NeverHillary""",False,2016-08-09T12:02:25,"['loved', 'trumps', 'answers', 'to', 'voters', 'questions', 'this', 'morning', 'trumps', 'economic', 'plan', 'will', 'help']",['maga'],0.0,0.0,0.0,0.0,1.0,0.0,0.0,0,1
"Thank you Windham, New Hampshire! #TrumpPence16 #MAGA https://t.co/ZL4Q01Q49s",False,2016-08-07T02:19:37,"['thank', 'you', 'windham', 'new', 'hampshire']",['maga'],0.0,0.0,0.0,0.0,1.0,0.0,0.0,0,1
"Thank you Green Bay, Wisconsin! Governor @Mike_Pence and I will be back soon. #TrumpPence16 #MAGA https://t.co/qsYbyrm3UR",False,2016-08-06T02:44:55,"['thank', 'you', 'green', 'bay', 'wisconsin', 'governor', 'and', 'i', 'will', 'be', 'back', 'soon']",['maga'],0.0,0.0,0.0,0.0,1.0,0.0,0.0,0,1
"Thank you Des Moines, Iowa! Governor @Mike_Pence and I appreciate your support! #MAGA #TrumpTrain https://t.co/gr6tGqqmcm",False,2016-08-05T22:42:08,"['thank', 'you', 'des', 'moines', 'iowa', 'governor', 'and', 'i', 'appreciate', 'your', 'support']",['maga'],0.0,0.0,0.0,0.0,1.0,0.0,0.0,0,1
"Looking forward to IA &amp; WI with Gov. Pence, tomorrow. Join us! #MAGA
https://t.co/3Hcnzj0Slx
https://t.co/sEwLWkn1Sz https://t.co/0Ei3EdQdXB",False,2016-08-04T15:17:01,"['looking', 'forward', 'to', 'ia', 'amp', 'wi', 'with', 'gov', 'pence', 'tomorrow', 'join', 'us']",['maga'],0.0,0.0,0.0,0.0,1.0,0.0,0.0,0,1
"Thank you for your support of my candidacy! #MAGA #ImWithYou 
https://t.co/Al5bZlRFYk",False,2016-08-03T23:10:41,"['thank', 'you', 'for', 'your', 'support', 'of', 'my', 'candidacy']",['maga'],0.0,0.0,0.0,0.0,1.0,0.0,0.0,0,1
"Thank you to the amazing law enforcement officers today- in Daytona Beach, Florida! #LESM #MAGA https://t.co/QoxJf4Xzbc",False,2016-08-03T22:10:11,"['thank', 'you', 'to', 'the', 'amazing', 'law', 'enforcement', 'officers', 'today', 'in', 'daytona', 'beach', 'florida']",['maga'],0.0,0.0,0.0,0.0,1.0,0.0,0.0,0,1
"Just leaving Mechanicsburg, PA. Incredible crowd-- so enthusiastic! Will be back soon. #MAGA https://t.co/RbuXfDZ5w9",False,2016-08-02T01:58:48,"['just', 'leaving', 'mechanicsburg', 'pa', 'incredible', 'crowd', 'so', 'enthusiastic', 'will', 'be', 'back', 'soon']",['maga'],0.0,0.0,0.0,0.0,1.0,0.0,0.0,0,1
".@realDonaldTrump stops by overflow room in Mechanicsburg, Pennsylvania- prior to main rally. #TrumpMovement #MAGAüá∫üá∏ https://t.co/aFLka9ZJRn",True,2016-08-02T01:40:37,"['stops', 'by', 'overflow', 'room', 'in', 'mechanicsburg', 'pennsylvania', 'prior', 'to', 'main', 'rally']",['maga'],0.0,0.0,0.0,0.0,1.0,0.0,0.0,0,1
Crooked Hillary Clinton is 100% owned by her donors. #ImWithYou #MAGA https://t.co/iYM3CCWS2z,False,2016-08-01T21:42:57,"['crooked', 'hillary', 'clinton', 'is', '100', 'owned', 'by', 'her', 'donors']",['maga'],0.0,0.0,0.0,0.0,1.0,0.0,0.0,0,1
"Thank you Columbus, Ohio! I will be back soon. #ImWithYou #MAGA https://t.co/vMf1EPJp4r",False,2016-08-01T20:42:50,"['thank', 'you', 'columbus', 'ohio', 'i', 'will', 'be', 'back', 'soon']",['maga'],0.0,0.0,0.0,0.0,1.0,0.0,0.0,0,1
"Join me Monday in Columbus, Ohio &amp; Harrisburg, Pennsylvania! #MAGA

3pm in OH: https://t.co/DDg0AUsqRq

7pm in PA: https://t.co/VmSLBvL43l",False,2016-07-30T14:05:54,"['join', 'me', 'monday', 'in', 'columbus', 'ohio', 'amp', 'harrisburg', 'pennsylvania', '3pm', 'in', 'oh', '7pm', 'in', 'pa']",['maga'],0.0,0.0,0.0,0.0,1.0,0.0,0.0,0,1
Great to be back in Iowa! #TBT with @JerryJrFalwell joining me in Davenport- this past winter. #MAGA https://t.co/A5IF0QHnic,False,2016-07-28T21:08:32,"['great', 'to', 'be', 'back', 'in', 'iowa', 'with', 'joining', 'me', 'in', 'davenport', 'this', 'past', 'winter']",['maga'],0.0,0.0,0.0,0.0,1.0,0.0,0.0,0,1
"Good morning! Join me in Lima, Ohio - tomorrow evening at 7pm. #MAGA
Tickets: https://t.co/sNfhyGeaAH",True,2016-07-28T15:48:56,"['good', 'morning', 'join', 'me', 'in', 'lima', 'ohio', 'tomorrow', 'evening', 'at', '7pm', 'tickets']",['maga'],0.0,0.0,0.0,0.0,1.0,0.0,0.0,0,1
Thank you to our amazing law enforcement officers! #MAGA https://t.co/UEZorOQhTw,False,2016-07-27T19:15:42,"['thank', 'you', 'to', 'our', 'amazing', 'law', 'enforcement', 'officers']",['maga'],0.0,0.0,0.0,0.0,1.0,0.0,0.0,0,1
"Join us in Toledo, Ohio- tomorrow night at 8pm! #TrumpPence16 #MAGA
Tickets: https://t.co/ERNRrksikq https://t.co/zmGZauCnQF",False,2016-07-26T17:53:40,"['join', 'us', 'in', 'toledo', 'ohio', 'tomorrow', 'night', 'at', '8pm', 'tickets']",['maga'],0.0,0.0,0.0,0.0,1.0,0.0,0.0,0,1
"Join us tomorrow in Scranton, Pennsylvania at 3pm!
#TrumpPence16 #MAGA 
Tickets: https://t.co/4FTydj8s9U https://t.co/7zMKhhMmhp",False,2016-07-26T17:43:45,"['join', 'us', 'tomorrow', 'in', 'scranton', 'pennsylvania', 'at', '3pm', 'tickets']",['maga'],0.0,0.0,0.0,0.0,1.0,0.0,0.0,0,1
"Great POLL numbers are coming out all over. People don't want another four years of Obama, and Crooked Hillary would be even worse. #MAGA",False,2016-07-25T14:05:27,"['great', 'poll', 'numbers', 'are', 'coming', 'out', 'all', 'over', 'people', 'dont', 'want', 'another', 'four', 'years', 'of', 'obama', 'and', 'crooked', 'hillary', 'would', 'be', 'even', 'worse']",['maga'],0.0,0.0,0.0,0.0,1.0,0.0,0.0,0,1
MAKE AMERICA GREAT AGAIN! https://t.co/qL9rjb7OsD,False,2016-07-21T04:00:25,"['make', 'america', 'great', 'again']",['make america great again'],0.0,0.0,0.0,0.0,0.0,1.0,0.0,0,1
Such a great honor to be the Republican Nominee for President of the United States. I will work hard and never let you down! AMERICA FIRST!,False,2016-07-19T23:52:59,"['such', 'a', 'great', 'honor', 'to', 'be', 'the', 'republican', 'nominee', 'for', 'president', 'of', 'the', 'united', 'states', 'i', 'will', 'work', 'hard', 'and', 'never', 'let', 'you', 'down', 'america', 'first']",['america first'],0.0,0.0,0.0,0.0,0.0,0.0,1.0,0,1
".@CNN is the worst.They go to their dumb, one-sided panels when a podium speaker is for Trump! VAST MAJORITY want: Make America Great Again!",False,2016-07-18T20:48:00,"['is', 'the', 'worstthey', 'go', 'to', 'their', 'dumb', 'onesided', 'panels', 'when', 'a', 'podium', 'speaker', 'is', 'for', 'trump', 'vast', 'majority', 'want', 'make', 'america', 'great', 'again']",['make america great again'],0.0,0.0,0.0,0.0,0.0,1.0,0.0,0,1
We are going to have a great time in Cleveland. Will lead to special results for our country. We will Make America Great Again!,False,2016-07-17T04:19:05,"['we', 'are', 'going', 'to', 'have', 'a', 'great', 'time', 'in', 'cleveland', 'will', 'lead', 'to', 'special', 'results', 'for', 'our', 'country', 'we', 'will', 'make', 'america', 'great', 'again']",['make america great again'],0.0,0.0,0.0,0.0,0.0,1.0,0.0,0,1
Thank you to Chris Cox and Bikers for Trump - Your support has been amazing. I will never forget. MAKE AMERICA GREAT AGAIN!,False,2016-07-17T03:15:22,"['thank', 'you', 'to', 'chris', 'cox', 'and', 'bikers', 'for', 'trump', 'your', 'support', 'has', 'been', 'amazing', 'i', 'will', 'never', 'forget', 'make', 'america', 'great', 'again']",['make america great again'],0.0,0.0,0.0,0.0,0.0,1.0,0.0,0,1
#NeverTrump is never more. They were crushed last night in Cleveland at Rules Committee by a vote of 87-12. MAKE AMERICA GREAT AGAIN!,False,2016-07-15T14:31:18,"['is', 'never', 'more', 'they', 'were', 'crushed', 'last', 'night', 'in', 'cleveland', 'at', 'rules', 'committee', 'by', 'a', 'vote', 'of', '8712', 'make', 'america', 'great', 'again']",['make america great again'],0.0,0.0,0.0,0.0,0.0,1.0,0.0,0,1
"The reason I put up approximately $50 million for my successful primary campaign is very simple, I want to MAKE AMERICA GREAT AGAIN!",False,2016-06-30T19:30:54,"['the', 'reason', 'i', 'put', 'up', 'approximately', '50', 'million', 'for', 'my', 'successful', 'primary', 'campaign', 'is', 'very', 'simple', 'i', 'want', 'to', 'make', 'america', 'great', 'again']",['make america great again'],0.0,0.0,0.0,0.0,0.0,1.0,0.0,0,1
New Q poll out- we are going to win the whole deal- and MAKE AMERICA GREAT AGAIN! #Trump2016 https://t.co/dL5ahNcwZb,False,2016-06-29T14:39:13,"['new', 'q', 'poll', 'out', 'we', 'are', 'going', 'to', 'win', 'the', 'whole', 'deal', 'and', 'make', 'america', 'great', 'again']",['make america great again'],0.0,0.0,0.0,0.0,0.0,1.0,0.0,0,1
"""@Patricia_Graf:  @GovBrewer @cvpayne let's get Trump supporters out in massive numbers and make America Great Again - create jobs""",False,2016-06-28T19:24:26,"['lets', 'get', 'trump', 'supporters', 'out', 'in', 'massive', 'numbers', 'and', 'make', 'america', 'great', 'again', 'create', 'jobs']",['make america great again'],0.0,0.0,0.0,0.0,0.0,1.0,0.0,0,1
"""@LindaSuhler: Trump voters don't scare or back down. Our numbers are growing &amp; we're taking our country BACK. #Trump2016üá∫üá∏ #MAGA",False,2016-06-27T01:33:10,"['trump', 'voters', 'dont', 'scare', 'or', 'back', 'down', 'our', 'numbers', 'are', 'growing', 'amp', 'were', 'taking', 'our', 'country', 'back']",['maga'],0.0,0.0,0.0,0.0,1.0,0.0,0.0,0,1
"MAKE AMERICA GREAT AGAIN! MAKE AMERICA SAFE AGAIN!
#Trump2016 #AmericaFirst https://t.co/vN4K8FvQNT",False,2016-06-18T20:08:18,"['make', 'america', 'great', 'again', 'make', 'america', 'safe', 'again']",['make america great again'],0.0,0.0,0.0,0.0,0.0,1.0,0.0,0,1
MAKE AMERICA GREAT AGAIN! MAKE AMERICA SAFE AGAIN!,False,2016-06-17T11:24:04,"['make', 'america', 'great', 'again', 'make', 'america', 'safe', 'again']",['make america great again'],0.0,0.0,0.0,0.0,0.0,1.0,0.0,0,1
"""@VoteTrumpMAGA: The media attack on @realDonaldTrump is relentless. They are desperate. But, they keep #Trump in the news - a good thing.",False,2016-06-17T10:09:42,"['the', 'media', 'attack', 'on', 'is', 'relentless', 'they', 'are', 'desperate', 'but', 'they', 'keep', 'in', 'the', 'news', 'a', 'good', 'thing']",['maga'],0.0,0.0,0.0,0.0,1.0,0.0,0.0,0,1
AMERICA FIRST!,False,2016-06-14T12:28:16,"['america', 'first']",['america first'],0.0,0.0,0.0,0.0,0.0,0.0,1.0,0,1
"MAKE AMERICA GREAT AGAIN!
#AmericaFirst #Trump2016 
https://t.co/42OpVsjXjp",False,2016-06-08T20:27:28,"['make', 'america', 'great', 'again']",['make america great again'],0.0,0.0,0.0,0.0,0.0,1.0,0.0,0,1
"Then, on June 25th- back to the USA to MAKE AMERICA GREAT AGAIN!",False,2016-06-03T03:42:51,"['then', 'on', 'june', '25th', 'back', 'to', 'the', 'usa', 'to', 'make', 'america', 'great', 'again']",['make america great again'],0.0,0.0,0.0,0.0,0.0,1.0,0.0,0,1
"""@TaylorEdwards99: THIS IS @POTUS'S LEGACY! AN ABSOLUTE DISASTER!!! WE NEED @realDonaldTrump NOW!! #MAGA #TRUMP2016 https://t.co/lBgZJg0zd1",False,2016-06-02T22:20:29,"['this', 'is', 's', 'legacy', 'an', 'absolute', 'disaster', 'we', 'need', 'now']",['maga'],0.0,0.0,0.0,0.0,1.0,0.0,0.0,0,1
So great to have the endorsement and support of Paul Ryan. We will both be working very hard to Make America Great Again!,False,2016-06-02T21:12:54,"['so', 'great', 'to', 'have', 'the', 'endorsement', 'and', 'support', 'of', 'paul', 'ryan', 'we', 'will', 'both', 'be', 'working', 'very', 'hard', 'to', 'make', 'america', 'great', 'again']",['make america great again'],0.0,0.0,0.0,0.0,0.0,1.0,0.0,0,1
Have a great Memorial Day and remember that we will soon MAKE AMERICA GREAT AGAIN!,False,2016-05-30T11:26:47,"['have', 'a', 'great', 'memorial', 'day', 'and', 'remember', 'that', 'we', 'will', 'soon', 'make', 'america', 'great', 'again']",['make america great again'],0.0,0.0,0.0,0.0,0.0,1.0,0.0,0,1
"AN AMERICA FIRST ENERGY PLAN
#MakeAmericaGreatAgain #Trump2016
https://t.co/kTi6e1zyNI https://t.co/WjI8Rx11no",False,2016-05-27T14:10:07,"['an', 'america', 'first', 'energy', 'plan']",['america first'],0.0,0.0,0.0,0.0,0.0,0.0,1.0,0,1
"""@gordonsr1052:  Washington, BIG Thank You for supporting Trump! We are all going to help Trump Make America Great Again! Trump2016!""",False,2016-05-25T05:47:45,"['washington', 'big', 'thank', 'you', 'for', 'supporting', 'trump', 'we', 'are', 'all', 'going', 'to', 'help', 'trump', 'make', 'america', 'great', 'again', 'trump2016']",['make america great again'],0.0,0.0,0.0,0.0,0.0,1.0,0.0,0,1
"""@tcloer11: @realDonaldTrump Great job! Make America Great Again!""",False,2016-05-25T05:41:30,"['great', 'job', 'make', 'america', 'great', 'again']",['make america great again'],0.0,0.0,0.0,0.0,0.0,1.0,0.0,0,1
"In trade, military and EVERYTHING else, it will be AMERICA FIRST! This will quickly lead to our ultimate goal: MAKE AMERICA GREAT AGAIN!",False,2016-05-23T13:46:57,"['in', 'trade', 'military', 'and', 'everything', 'else', 'it', 'will', 'be', 'america', 'first', 'this', 'will', 'quickly', 'lead', 'to', 'our', 'ultimate', 'goal', 'make', 'america', 'great', 'again']","['make america great again', 'america first']",0.0,0.0,0.0,0.0,0.0,1.0,1.0,0,1
"Join me on Wednesday, May 25th at the Anaheim Convention Center!
#Trump2016 #MAGA 
Tickets: https://t.co/mmPck1HYrC https://t.co/xGkVbxTamz",False,2016-05-22T19:46:57,"['join', 'me', 'on', 'wednesday', 'may', '25th', 'at', 'the', 'anaheim', 'convention', 'center', 'tickets']",['maga'],0.0,0.0,0.0,0.0,1.0,0.0,0.0,0,1
MAKE AMERICA GREAT AGAIN! https://t.co/MAZK5bdZuD,False,2016-05-21T17:00:42,"['make', 'america', 'great', 'again']",['make america great again'],0.0,0.0,0.0,0.0,0.0,1.0,0.0,0,1
Oregon is voting today. Keep the big numbers going - VOTE TRUMP! MAKE AMERICA GREAT AGAIN!,False,2016-05-17T11:52:00,"['oregon', 'is', 'voting', 'today', 'keep', 'the', 'big', 'numbers', 'going', 'vote', 'trump', 'make', 'america', 'great', 'again']",['make america great again'],0.0,0.0,0.0,0.0,0.0,1.0,0.0,0,1
"Get out and vote Nebraska, we will MAKE AMERICA GREAT AGAIN!",False,2016-05-10T10:27:51,"['get', 'out', 'and', 'vote', 'nebraska', 'we', 'will', 'make', 'america', 'great', 'again']",['make america great again'],0.0,0.0,0.0,0.0,0.0,1.0,0.0,0,1
"Get out and vote West Virginia, we will MAKE AMERICA GREAT AGAIN!",False,2016-05-10T10:20:40,"['get', 'out', 'and', 'vote', 'west', 'virginia', 'we', 'will', 'make', 'america', 'great', 'again']",['make america great again'],0.0,0.0,0.0,0.0,0.0,1.0,0.0,0,1
".@KellyannePolls  Kellyanne, you were fantastic on @meetthepress today. Keep going - I will win for the people. MAKE AMERICA GREAT AGAIN!",False,2016-05-08T15:30:47,"['kellyanne', 'you', 'were', 'fantastic', 'on', 'today', 'keep', 'going', 'i', 'will', 'win', 'for', 'the', 'people', 'make', 'america', 'great', 'again']",['make america great again'],0.0,0.0,0.0,0.0,0.0,1.0,0.0,0,1
"So many great endorsements yesterday, except for Paul Ryan! We must put America first and MAKE AMERICA GREAT AGAIN!",False,2016-05-06T10:26:43,"['so', 'many', 'great', 'endorsements', 'yesterday', 'except', 'for', 'paul', 'ryan', 'we', 'must', 'put', 'america', 'first', 'and', 'make', 'america', 'great', 'again']","['make america great again', 'america first']",0.0,0.0,0.0,0.0,0.0,1.0,1.0,0,1
"MAKE AMERICA GREAT AGAIN!
#INPrimary #VoteTrump 
https://t.co/TI27thMZEI",False,2016-05-03T18:29:03,"['make', 'america', 'great', 'again']",['make america great again'],0.0,0.0,0.0,0.0,0.0,1.0,0.0,0,1
"MAKE AMERICA GREAT AGAIN! 
#Trump2016 #VoteTrump https://t.co/OKaL5UI4oJ",False,2016-05-03T15:21:33,"['make', 'america', 'great', 'again']",['make america great again'],0.0,0.0,0.0,0.0,0.0,1.0,0.0,0,1
"MAKE AMERICA GREAT AGAIN!
#INPrimary #VoteTrump 
https://t.co/MBgGXSYluW
https://t.co/YPwDZ8Irch",False,2016-05-03T14:22:18,"['make', 'america', 'great', 'again']",['make america great again'],0.0,0.0,0.0,0.0,0.0,1.0,0.0,0,1
"MAKE AMERICA GREAT AGAIN!
#INPrimary #VoteTrump
https://t.co/nMqeKxccv6",False,2016-05-03T11:23:58,"['make', 'america', 'great', 'again']",['make america great again'],0.0,0.0,0.0,0.0,0.0,1.0,0.0,0,1
Everybody is talking about the protesters burning the American flags and proudly waving Mexican flags. I want America First - so do voters!,False,2016-05-02T14:06:30,"['everybody', 'is', 'talking', 'about', 'the', 'protesters', 'burning', 'the', 'american', 'flags', 'and', 'proudly', 'waving', 'mexican', 'flags', 'i', 'want', 'america', 'first', 'so', 'do', 'voters']",['america first'],0.0,0.0,0.0,0.0,0.0,0.0,1.0,0,1
I will be in Indiana on Sunday and Monday at four MAKE AMERICA GREAT AGAIN rallies. See you there!,False,2016-05-01T03:10:35,"['i', 'will', 'be', 'in', 'indiana', 'on', 'sunday', 'and', 'monday', 'at', 'four', 'make', 'america', 'great', 'again', 'rallies', 'see', 'you', 'there']",['make america great again'],0.0,0.0,0.0,0.0,0.0,1.0,0.0,0,1
"Trump locks down Delaware GOP delegates. #Trump2016 #MAGA 
https://t.co/sto7CYV1fw",False,2016-04-30T20:50:42,"['trump', 'locks', 'down', 'delaware', 'gop', 'delegates']",['maga'],0.0,0.0,0.0,0.0,1.0,0.0,0.0,0,1
The economy is bad and getting worse-almost ZERO growth this quarter. Nobody can beat me on the economy (and jobs). MAKE AMERICA GREAT AGAIN,False,2016-04-30T17:21:35,"['the', 'economy', 'is', 'bad', 'and', 'getting', 'worsealmost', 'zero', 'growth', 'this', 'quarter', 'nobody', 'can', 'beat', 'me', 'on', 'the', 'economy', 'and', 'jobs', 'make', 'america', 'great', 'again']",['make america great again'],0.0,0.0,0.0,0.0,0.0,1.0,0.0,0,1
Thank you! WE will MAKE AMERICA GREAT AGAIN! https://t.co/aKxoD24IN9,False,2016-04-27T17:38:27,"['thank', 'you', 'we', 'will', 'make', 'america', 'great', 'again']",['make america great again'],0.0,0.0,0.0,0.0,0.0,1.0,0.0,0,1
"MAKE AMERICA GREAT AGAIN!
https://t.co/xhwhJuV3aa https://t.co/2XWN52IpH2",False,2016-04-26T12:47:24,"['make', 'america', 'great', 'again']",['make america great again'],0.0,0.0,0.0,0.0,0.0,1.0,0.0,0,1
"Get out and VOTE tomorrow! We will MAKE AMERICA GREAT AGAIN! 
#CTPrimary #DEPrimary #MDPrimary #PAPrimary #RIPrimary
https://t.co/ndi8sZI1Gt",False,2016-04-26T01:28:08,"['get', 'out', 'and', 'vote', 'tomorrow', 'we', 'will', 'make', 'america', 'great', 'again']",['make america great again'],0.0,0.0,0.0,0.0,0.0,1.0,0.0,0,1
MAKE AMERICA GREAT AGAIN! https://t.co/tK6mKZpFBl,False,2016-04-20T03:58:30,"['make', 'america', 'great', 'again']",['make america great again'],0.0,0.0,0.0,0.0,0.0,1.0,0.0,0,1
A big day for New York and for our COUNTRY! MAKE AMERICA GREAT AGAIN!,False,2016-04-19T12:13:34,"['a', 'big', 'day', 'for', 'new', 'york', 'and', 'for', 'our', 'country', 'make', 'america', 'great', 'again']",['make america great again'],0.0,0.0,0.0,0.0,0.0,1.0,0.0,0,1
"New York, we will make America great again! https://t.co/KyxbaW4fsL",False,2016-04-18T17:50:31,"['new', 'york', 'we', 'will', 'make', 'america', 'great', 'again']",['make america great again'],0.0,0.0,0.0,0.0,0.0,1.0,0.0,0,1
"MAKE AMERICA GREAT AGAIN!
https://t.co/VxVOG3c5RZ",False,2016-04-15T03:50:37,"['make', 'america', 'great', 'again']",['make america great again'],0.0,0.0,0.0,0.0,0.0,1.0,0.0,0,1
"""@redneckgp: All you haters out there, STOP trashing the only candidate @realDonaldTrump that will put ALL OF YOU &amp; AMERICA FIRST  #trump""",False,2016-04-09T02:32:07,"['all', 'you', 'haters', 'out', 'there', 'stop', 'trashing', 'the', 'only', 'candidate', 'that', 'will', 'put', 'all', 'of', 'you', 'amp', 'america', 'first']",['america first'],0.0,0.0,0.0,0.0,0.0,0.0,1.0,0,1
"Still time to get out and VOTE!
#WIPrimary #Trump2016 #MAGA
https://t.co/HjnGrR25Vf",False,2016-04-05T22:47:28,"['still', 'time', 'to', 'get', 'out', 'and', 'vote']",['maga'],0.0,0.0,0.0,0.0,1.0,0.0,0.0,0,1
"Wisconsin, we will MAKE AMERICA GREAT AGAIN!",False,2016-04-05T16:56:54,"['wisconsin', 'we', 'will', 'make', 'america', 'great', 'again']",['make america great again'],0.0,0.0,0.0,0.0,0.0,1.0,0.0,0,1
"MAKE AMERICA GREAT AGAIN!
https://t.co/iiXHgM7aA2",False,2016-04-05T03:29:30,"['make', 'america', 'great', 'again']",['make america great again'],0.0,0.0,0.0,0.0,0.0,1.0,0.0,0,1
"MAKE AMERICA GREAT AGAIN!
https://t.co/yypR5snYBC",False,2016-04-05T00:02:54,"['make', 'america', 'great', 'again']",['make america great again'],0.0,0.0,0.0,0.0,0.0,1.0,0.0,0,1
"A great day in Wisconsin, many stops, many great people! Melania is joining me on Monday. Big crowds. MAKE AMERICA GREAT AGAIN!",False,2016-04-04T03:13:47,"['a', 'great', 'day', 'in', 'wisconsin', 'many', 'stops', 'many', 'great', 'people', 'melania', 'is', 'joining', 'me', 'on', 'monday', 'big', 'crowds', 'make', 'america', 'great', 'again']",['make america great again'],0.0,0.0,0.0,0.0,0.0,1.0,0.0,0,1
"Thank you Eau Claire, Wisconsin. 
#VoteTrump on Tuesday, April 5th!
MAKE AMERICA GREAT AGAIN! https://t.co/JI5JqwHnMC",False,2016-04-03T03:15:09,"['thank', 'you', 'eau', 'claire', 'wisconsin', 'on', 'tuesday', 'april', '5th', 'make', 'america', 'great', 'again']",['make america great again'],0.0,0.0,0.0,0.0,0.0,1.0,0.0,0,1
"MAKE AMERICA GREAT AGAIN! 
https://t.co/SULeDE2PYp",False,2016-04-01T22:36:39,"['make', 'america', 'great', 'again']",['make america great again'],0.0,0.0,0.0,0.0,0.0,1.0,0.0,0,1
"MAKE AMERICA GREAT AGAIN!
https://t.co/0w4ldD7dW3",False,2016-03-29T19:38:03,"['make', 'america', 'great', 'again']",['make america great again'],0.0,0.0,0.0,0.0,0.0,1.0,0.0,0,1
"We need to secure our borders ASAP. No games, we must be smart, tough and vigilant. MAKE AMERICA GREAT AGAIN &amp; MAKE AMERICA STRONG AGAIN!",False,2016-03-29T01:07:23,"['we', 'need', 'to', 'secure', 'our', 'borders', 'asap', 'no', 'games', 'we', 'must', 'be', 'smart', 'tough', 'and', 'vigilant', 'make', 'america', 'great', 'again', 'amp', 'make', 'america', 'strong', 'again']",['make america great again'],0.0,0.0,0.0,0.0,0.0,1.0,0.0,0,1
MAKE AMERICA GREAT AGAIN! https://t.co/PHgrT1Nl27,False,2016-03-24T18:14:18,"['make', 'america', 'great', 'again']",['make america great again'],0.0,0.0,0.0,0.0,0.0,1.0,0.0,0,1
MAKE AMERICA GREAT AGAIN!,False,2016-03-23T23:25:00,"['make', 'america', 'great', 'again']",['make america great again'],0.0,0.0,0.0,0.0,0.0,1.0,0.0,0,1
MAKE AMERICA GREAT AGAIN!,False,2016-03-22T14:54:32,"['make', 'america', 'great', 'again']",['make america great again'],0.0,0.0,0.0,0.0,0.0,1.0,0.0,0,1
"Wow, @CNN ratings are up 75% because it's ""all Trump, all the time."" The networks are making a fortune off of me! MAKE AMERICA GREAT AGAIN!",False,2016-03-19T15:50:59,"['wow', 'ratings', 'are', 'up', '75', 'because', 'its', 'all', 'trump', 'all', 'the', 'time', 'the', 'networks', 'are', 'making', 'a', 'fortune', 'off', 'of', 'me', 'make', 'america', 'great', 'again']",['make america great again'],0.0,0.0,0.0,0.0,0.0,1.0,0.0,0,1
MAKE AMERICA GREAT AGAIN!,False,2016-03-17T20:30:08,"['make', 'america', 'great', 'again']",['make america great again'],0.0,0.0,0.0,0.0,0.0,1.0,0.0,0,1
"Rubio is weak on illegal immigration, with the worst voting record in the U.S. Senate in many years. He will never MAKE AMERICA GREAT AGAIN!",False,2016-03-15T04:21:20,"['rubio', 'is', 'weak', 'on', 'illegal', 'immigration', 'with', 'the', 'worst', 'voting', 'record', 'in', 'the', 'us', 'senate', 'in', 'many', 'years', 'he', 'will', 'never', 'make', 'america', 'great', 'again']",['make america great again'],0.0,0.0,0.0,0.0,0.0,1.0,0.0,0,1
MAKE AMERICA GREAT AGAIN!,False,2016-03-12T14:55:15,"['make', 'america', 'great', 'again']",['make america great again'],0.0,0.0,0.0,0.0,0.0,1.0,0.0,0,1
MAKE AMERICA GREAT AGAIN!,False,2016-03-08T15:23:49,"['make', 'america', 'great', 'again']",['make america great again'],0.0,0.0,0.0,0.0,0.0,1.0,0.0,0,1
I am at Trump National Doral-best resort in U.S. Rory and Adam Scott are doing great! Watch on NBC at 3:00 P.M.  MAKE AMERICA GREAT AGAIN!,False,2016-03-06T18:15:29,"['i', 'am', 'at', 'trump', 'national', 'doralbest', 'resort', 'in', 'us', 'rory', 'and', 'adam', 'scott', 'are', 'doing', 'great', 'watch', 'on', 'nbc', 'at', '300', 'pm', 'make', 'america', 'great', 'again']",['make america great again'],0.0,0.0,0.0,0.0,0.0,1.0,0.0,0,1
"Great time last night in Louisiana. Big and energetic crowd. Go out and vote now, polls open. MAKE AMERICA GREAT AGAIN!",False,2016-03-05T13:14:05,"['great', 'time', 'last', 'night', 'in', 'louisiana', 'big', 'and', 'energetic', 'crowd', 'go', 'out', 'and', 'vote', 'now', 'polls', 'open', 'make', 'america', 'great', 'again']",['make america great again'],0.0,0.0,0.0,0.0,0.0,1.0,0.0,0,1
"Thank you Cadillac, Michigan! #VoteTrumpMI on 3/8/2016. We will MAKE AMERICA GREAT AGAIN!
https://t.co/8RDmQCbHce https://t.co/94mFPx0EgH",False,2016-03-04T21:03:34,"['thank', 'you', 'cadillac', 'michigan', 'on', '382016', 'we', 'will', 'make', 'america', 'great', 'again']",['make america great again'],0.0,0.0,0.0,0.0,0.0,1.0,0.0,0,1
"""@blt21muttrades: People are just mad that you're doing so good so they are gonna do they're best to stop you. Not gonna happen #MAGA""",False,2016-03-03T14:27:12,"['people', 'are', 'just', 'mad', 'that', 'youre', 'doing', 'so', 'good', 'so', 'they', 'are', 'gonna', 'do', 'theyre', 'best', 'to', 'stop', 'you', 'not', 'gonna', 'happen']",['maga'],0.0,0.0,0.0,0.0,1.0,0.0,0.0,0,1
MAKE AMERICA GREAT AGAIN!,False,2016-03-01T19:52:30,"['make', 'america', 'great', 'again']",['make america great again'],0.0,0.0,0.0,0.0,0.0,1.0,0.0,0,1
"THANK YOU ALABAMA! 32,000 supporters tonight. Get out &amp; VOTE on Tuesday! WE WILL MAKE AMERICA GREAT AGAIN! https://t.co/rOkldN7dat",False,2016-02-29T00:25:14,"['thank', 'you', 'alabama', '32000', 'supporters', 'tonight', 'get', 'out', 'amp', 'vote', 'on', 'tuesday', 'we', 'will', 'make', 'america', 'great', 'again']",['make america great again'],0.0,0.0,0.0,0.0,0.0,1.0,0.0,0,1
"""@EmaGabi23: Rubio was kicking back on his $80k boat he bought with lobbyist money and claimed it was from book sale profit lol""",False,2016-02-28T17:57:36,"['rubio', 'was', 'kicking', 'back', 'on', 'his', '80k', 'boat', 'he', 'bought', 'with', 'lobbyist', 'money', 'and', 'claimed', 'it', 'was', 'from', 'book', 'sale', 'profit', 'lol']",['maga'],0.0,0.0,0.0,0.0,1.0,0.0,0.0,0,1
Thank you! WE WILL MAKE AMERICA GREAT AGAIN! #Trump2016 https://t.co/aht7wYVIUg,False,2016-02-26T05:53:13,"['thank', 'you', 'we', 'will', 'make', 'america', 'great', 'again']",['make america great again'],0.0,0.0,0.0,0.0,0.0,1.0,0.0,0,1
"LETS MAKE AMERICA GREAT AGAIN!
Schedule &amp; tickets: https://t.co/nU39QHzxxX https://t.co/GUQo1TMsMo",False,2016-02-25T16:41:37,"['lets', 'make', 'america', 'great', 'again', 'schedule', 'amp', 'tickets']",['make america great again'],0.0,0.0,0.0,0.0,0.0,1.0,0.0,0,1
"""@Stevekwebb: @realDonaldTrump Love it! @tedcruz is done. We need someone who is proven. @realDonaldTrump will make America Great Again""",False,2016-02-25T02:25:50,"['love', 'it', 'is', 'done', 'we', 'need', 'someone', 'who', 'is', 'proven', 'will', 'make', 'america', 'great', 'again']",['make america great again'],0.0,0.0,0.0,0.0,0.0,1.0,0.0,0,1
MAKE AMERICA GREAT AGAIN! https://t.co/IVSR0hmh5g,False,2016-02-24T18:31:36,"['make', 'america', 'great', 'again']",['make america great again'],0.0,0.0,0.0,0.0,0.0,1.0,0.0,0,1
GO VOTE FROM NOW TO 8:30 P.M. NEVADA. I WILL BE AT VARIOUS CAUCUS SITES. MAKE AMERICA GREAT AGAIN!,False,2016-02-24T01:52:32,"['go', 'vote', 'from', 'now', 'to', '830', 'pm', 'nevada', 'i', 'will', 'be', 'at', 'various', 'caucus', 'sites', 'make', 'america', 'great', 'again']",['make america great again'],0.0,0.0,0.0,0.0,0.0,1.0,0.0,0,1
"""@CarrollKuykend2: This veteran just voted @realDonaldTrump in the SC primary, let's make America great again!""",False,2016-02-20T21:51:11,"['this', 'veteran', 'just', 'voted', 'in', 'the', 'sc', 'primary', 'lets', 'make', 'america', 'great', 'again']",['make america great again'],0.0,0.0,0.0,0.0,0.0,1.0,0.0,0,1
"South Carolina voters have the future of our country in their hands. Vote now (today), and MAKE AMERICA GREAT AGAIN!",False,2016-02-20T17:39:24,"['south', 'carolina', 'voters', 'have', 'the', 'future', 'of', 'our', 'country', 'in', 'their', 'hands', 'vote', 'now', 'today', 'and', 'make', 'america', 'great', 'again']",['make america great again'],0.0,0.0,0.0,0.0,0.0,1.0,0.0,0,1
MAKE AMERICA GREAT AGAIN!,False,2016-02-19T21:51:51,"['make', 'america', 'great', 'again']",['make america great again'],0.0,0.0,0.0,0.0,0.0,1.0,0.0,0,1
"Thank you South Carolina! Together, WE WILL MAKE AMERICA GREAT AGAIN! #VoteTrumpSC https://t.co/ZkXPm9lPL1",False,2016-02-18T13:30:38,"['thank', 'you', 'south', 'carolina', 'together', 'we', 'will', 'make', 'america', 'great', 'again']",['make america great again'],0.0,0.0,0.0,0.0,0.0,1.0,0.0,0,1
I love being in South Carolina. We are leading big in all of the State polls - Saturday is a BIG day. MAKE AMERICA GREAT AGAIN!,False,2016-02-18T11:25:40,"['i', 'love', 'being', 'in', 'south', 'carolina', 'we', 'are', 'leading', 'big', 'in', 'all', 'of', 'the', 'state', 'polls', 'saturday', 'is', 'a', 'big', 'day', 'make', 'america', 'great', 'again']",['make america great again'],0.0,0.0,0.0,0.0,0.0,1.0,0.0,0,1
"I will be in South Carolina all week. Saturday is BIG, BIG, BIG! Get out and vote - MAKE AMERICA GREAT AGAIN",False,2016-02-15T13:55:08,"['i', 'will', 'be', 'in', 'south', 'carolina', 'all', 'week', 'saturday', 'is', 'big', 'big', 'big', 'get', 'out', 'and', 'vote', 'make', 'america', 'great', 'again']",['make america great again'],0.0,0.0,0.0,0.0,0.0,1.0,0.0,0,1
"Thank you for your support! TOGETHER we will MAKE AMERICA GREAT AGAIN! 
https://t.co/fFN9pisyQ4 https://t.co/VxyuDwZmC9",False,2016-02-14T17:27:48,"['thank', 'you', 'for', 'your', 'support', 'together', 'we', 'will', 'make', 'america', 'great', 'again']",['make america great again'],0.0,0.0,0.0,0.0,0.0,1.0,0.0,0,1
He (or she) who hesitates is lost: MAKE AMERICA GREAT AGAIN!,False,2016-02-11T16:51:04,"['he', 'or', 'she', 'who', 'hesitates', 'is', 'lost', 'make', 'america', 'great', 'again']",['make america great again'],0.0,0.0,0.0,0.0,0.0,1.0,0.0,0,1
New Hampshire vote today -  MAKE AMERICA GREAT AGAIN!,False,2016-02-09T16:46:17,"['new', 'hampshire', 'vote', 'today', 'make', 'america', 'great', 'again']",['make america great again'],0.0,0.0,0.0,0.0,0.0,1.0,0.0,0,1
MAKE AMERICA GREAT AGAIN!,False,2016-02-09T13:37:11,"['make', 'america', 'great', 'again']",['make america great again'],0.0,0.0,0.0,0.0,0.0,1.0,0.0,0,1
So far the Super Bowl is very boring - not nearly as exciting as politics - MAKE AMERICA GREAT AGAIN!,False,2016-02-08T02:03:31,"['so', 'far', 'the', 'super', 'bowl', 'is', 'very', 'boring', 'not', 'nearly', 'as', 'exciting', 'as', 'politics', 'make', 'america', 'great', 'again']",['make america great again'],0.0,0.0,0.0,0.0,0.0,1.0,0.0,0,1
"""@MaryAnn1942: @realDonaldTrump why vote for Trump? Unlike politicians all talk, Trump‚Äôs talk materializes! He will make America great again",False,2016-02-05T23:13:07,"['why', 'vote', 'for', 'trump', 'unlike', 'politicians', 'all', 'talk', 'trumps', 'talk', 'materializes', 'he', 'will', 'make', 'america', 'great', 'again']",['make america great again'],0.0,0.0,0.0,0.0,0.0,1.0,0.0,0,1
"CEDAR RAPIDS --

TRUMP'S DAUGHT IVANKA:

""I can just say without equivocation, my father will make America great again.""",True,2016-02-01T20:53:10,"['cedar', 'rapids', 'trumps', 'daught', 'ivanka', 'i', 'can', 'just', 'say', 'without', 'equivocation', 'my', 'father', 'will', 'make', 'america', 'great', 'again']",['make america great again'],0.0,0.0,0.0,0.0,0.0,1.0,0.0,0,1
It all begins today - WE WILL FINALLY TAKE OUR COUNTRY BACK AND MAKE AMERICA GREAT AGAIN!,False,2016-02-01T13:25:20,"['it', 'all', 'begins', 'today', 'we', 'will', 'finally', 'take', 'our', 'country', 'back', 'and', 'make', 'america', 'great', 'again']",['make america great again'],0.0,0.0,0.0,0.0,0.0,1.0,0.0,0,1
"It is time to take back our country- and MAKE AMERICA GREAT AGAIN!
#CaucusForTrump Video: https://t.co/y9Fa8Ut6IP https://t.co/bJ6a0t9Pv2",False,2016-01-31T16:26:39,"['it', 'is', 'time', 'to', 'take', 'back', 'our', 'country', 'and', 'make', 'america', 'great', 'again', 'video']",['make america great again'],0.0,0.0,0.0,0.0,0.0,1.0,0.0,0,1
"MAKE AMERICA GREAT AGAIN! 
#IACaucus #CaucusForTrump
https://t.co/nU39QHzxxX https://t.co/IrrzLCa2ev",False,2016-01-30T16:29:53,"['make', 'america', 'great', 'again']",['make america great again'],0.0,0.0,0.0,0.0,0.0,1.0,0.0,0,1
"I will be in Iowa all day and until Tuesday morning. Finally, after all these years of watching stupidity, we will MAKE AMERICA GREAT AGAIN!",False,2016-01-30T12:38:44,"['i', 'will', 'be', 'in', 'iowa', 'all', 'day', 'and', 'until', 'tuesday', 'morning', 'finally', 'after', 'all', 'these', 'years', 'of', 'watching', 'stupidity', 'we', 'will', 'make', 'america', 'great', 'again']",['make america great again'],0.0,0.0,0.0,0.0,0.0,1.0,0.0,0,1
"Heading to Sioux County, Iowa, where the crowd is amazing. Dr. Robert Jeffress will make the introduction. Make America Great Again!",False,2016-01-23T16:50:22,"['heading', 'to', 'sioux', 'county', 'iowa', 'where', 'the', 'crowd', 'is', 'amazing', 'dr', 'robert', 'jeffress', 'will', 'make', 'the', 'introduction', 'make', 'america', 'great', 'again']",['make america great again'],0.0,0.0,0.0,0.0,0.0,1.0,0.0,0,1
The failing @NRO National Review Magazine has just been informed by the Republican National Committee that they cannot participate in debate,False,2016-01-22T14:24:15,"['the', 'failing', 'national', 'review', 'magazine', 'has', 'just', 'been', 'informed', 'by', 'the', 'republican', 'national', 'committee', 'that', 'they', 'cannot', 'participate', 'in', 'debate']",['maga'],0.0,0.0,0.0,0.0,1.0,0.0,0.0,0,1
Make America Great Again! #Trump2016 https://t.co/1h5j4DZDgy,True,2016-01-22T05:23:08,"['make', 'america', 'great', 'again']",['make america great again'],0.0,0.0,0.0,0.0,0.0,1.0,0.0,0,1
"Top searched candidate by state, as seen in the #GOPDebate media filing center. WE WILL MAKE AMERICA GREAT AGAIN! https://t.co/nwKPRmWFNr",False,2016-01-15T19:45:40,"['top', 'searched', 'candidate', 'by', 'state', 'as', 'seen', 'in', 'the', 'media', 'filing', 'center', 'we', 'will', 'make', 'america', 'great', 'again']",['make america great again'],0.0,0.0,0.0,0.0,0.0,1.0,0.0,0,1
Thank you Michael Harrison @Talkersmagazine for your kind words - greatly appreciated!,False,2016-01-12T01:46:13,"['thank', 'you', 'michael', 'harrison', 'for', 'your', 'kind', 'words', 'greatly', 'appreciated']",['maga'],0.0,0.0,0.0,0.0,1.0,0.0,0.0,0,1
"Remember, get TIME magazine! I am on the cover. Take it out in 4 years and read it again! Just watch...",False,2016-01-10T20:15:30,"['remember', 'get', 'time', 'magazine', 'i', 'am', 'on', 'the', 'cover', 'take', 'it', 'out', 'in', '4', 'years', 'and', 'read', 'it', 'again', 'just', 'watch']",['maga'],0.0,0.0,0.0,0.0,1.0,0.0,0.0,0,1
"In the just out @FoxNews Poll, I easily beat Hillary Clinton - and I havn't even focused on her yet. On our way: MAKE AMERICA GREAT AGAIN!",False,2016-01-10T18:28:54,"['in', 'the', 'just', 'out', 'poll', 'i', 'easily', 'beat', 'hillary', 'clinton', 'and', 'i', 'havnt', 'even', 'focused', 'on', 'her', 'yet', 'on', 'our', 'way', 'make', 'america', 'great', 'again']",['make america great again'],0.0,0.0,0.0,0.0,0.0,1.0,0.0,0,1
(1/2) Time Magazine has me on the cover this week. David Von Drehle has written one of the best stories I have ever had.,False,2016-01-09T17:56:06,"['12', 'time', 'magazine', 'has', 'me', 'on', 'the', 'cover', 'this', 'week', 'david', 'von', 'drehle', 'has', 'written', 'one', 'of', 'the', 'best', 'stories', 'i', 'have', 'ever', 'had']",['maga'],0.0,0.0,0.0,0.0,1.0,0.0,0.0,0,1
"""@hofmannken: DonaldTrump, wish I could attend one of your rallies, none are close enough. Make America Great Again for my Kids.Thank you",False,2016-01-08T03:12:06,"['donaldtrump', 'wish', 'i', 'could', 'attend', 'one', 'of', 'your', 'rallies', 'none', 'are', 'close', 'enough', 'make', 'america', 'great', 'again', 'for', 'my', 'kidsthank', 'you']",['make america great again'],0.0,0.0,0.0,0.0,0.0,1.0,0.0,0,1
We could only get a small fraction of this 25k crowd in. The movement to Make America Great Again is unbelievable! https://t.co/NHPdGm57YJ,False,2016-01-08T02:23:07,"['we', 'could', 'only', 'get', 'a', 'small', 'fraction', 'of', 'this', '25k', 'crowd', 'in', 'the', 'movement', 'to', 'make', 'america', 'great', 'again', 'is', 'unbelievable']",['make america great again'],0.0,0.0,0.0,0.0,0.0,1.0,0.0,0,1
"I will be in beautiful Burlington, Vermont, tonight for a rally. Will be great fun. MAKE AMERICA GREAT AGAIN!",False,2016-01-07T13:17:40,"['i', 'will', 'be', 'in', 'beautiful', 'burlington', 'vermont', 'tonight', 'for', 'a', 'rally', 'will', 'be', 'great', 'fun', 'make', 'america', 'great', 'again']",['make america great again'],0.0,0.0,0.0,0.0,0.0,1.0,0.0,0,1
"""@marybnall01: @realDonaldTrump watched lowell mass speech. Awesome. Great crowd. Make America Great Again!!!!!!""",False,2016-01-05T03:44:17,"['watched', 'lowell', 'mass', 'speech', 'awesome', 'great', 'crowd', 'make', 'america', 'great', 'again']",['make america great again'],0.0,0.0,0.0,0.0,0.0,1.0,0.0,0,1
"""@SalRiccobono: @realDonaldTrump @troyconway Donald get big business back and# MAKE AMERICA GREAT AGAIN FOR 2016""",False,2016-01-05T03:36:53,"['donald', 'get', 'big', 'business', 'back', 'and', 'make', 'america', 'great', 'again', 'for', '2016']",['make america great again'],0.0,0.0,0.0,0.0,0.0,1.0,0.0,0,1
